INSERT INTO tbl_user(user_id, email, username, password) VALUES
    (1, '1@gmail.com', 'user1', ''),
    (2, '2@gmail.com', 'user2', ''),
    (3, '3@gmail.com', 'user3', ''),
    (4, '4@gmail.com', 'user4', ''),
    (5, '5@gmail.com', 'user5', ''),
    (6, '6@gmail.com', 'user6', ''),
    (7, '7@gmail.com', 'user7', ''),
    (8, '8@gmail.com', 'user8', ''),
    (9, '9@gmail.com', 'user9', ''),
    (10, '10@gmail.com', 'user10', ''),
    (11, 'johnguackmbl@gmail.com', 'johnguackmbl', '');

INSERT INTO tbl_user_info(user_id) VALUES
    (1),
    (2),
    (3),
    (4),
    (5),
    (6),
    (7),
    (8),
    (9),
    (10),
    (11);

INSERT INTO tbl_follow(follower_id, followed_id) VALUES
    (1, 2),
    (1, 3),
    (1, 6),
    (1, 7),
    (2, 4),
    (2, 5),
    (2, 8),
    (3, 4),
    (3, 5),
    (4, 6),
    (5, 6),
    (7, 1),
    (8, 2),
    (9, 3);

-- Insert multiple rows separately in order to keep track of song id
INSERT INTO tbl_song_info(song_id, song_name, artist, spotify_url, youtube_url) VALUES
    (1, 'Animals', 'Maroon 5', 'www.spotify.com/1', 'www.youtube.com/1'),
    (2, 'Photograph', 'Ed Sheeran', 'www.spotify.com/2', 'www.youtube.com/2'),
    (3, 'Hello', 'Adele', 'www.spotify.com/3', 'www.youtube.com/3'),
    (4, 'Heartless', 'Kanye West', 'www.spotify.com/4', 'www.youtube.com/4');

INSERT INTO tbl_music_analysis(
    song_id,
    danceability,
    energy,
    loudness,
    acousticness,
    instrumentalness,
    liveness,
    valence) VALUES
    (1, 0.2, 0.4, 0.3, 0.1, 0.5, 0.1, 0.9),
    (2, 0.3, 0.6, 0.2, 0.8, 1.2, -0.8, 0.7),
    (3, 0.2, 0.5, 0.1, 0.7, 1.4, -0.7, 0.4),
    (4, 1.3, 1.6, -0.2, -0.5, -1.9, 0.8, -0.3);

INSERT INTO tbl_post(post_id, user_id, song_id,
    clip_start_time, clip_end_time, clip_path, song_path,
    content, tags) VALUES
    (1, 1, 1, 0., 15., './clip_path1', './song_path1', 'content1', 'tags1'),
    (2, 2, 2, 0., 15., './clip_path2', './song_path2', 'content2', 'tags2'),
    (3, 3, 3, 0., 15., './clip_path3', './song_path3', 'content3', 'tags3'),
    (4, 4, 4, 0., 15., './clip_path4', './song_path4', 'content4', 'tags4'),
    (5, 1, 2, 0., 15., './clip_path5', './song_path5', 'content5', 'tags5');

INSERT INTO tbl_like(post_id, user_id) VALUES
    (1, 1),
    (1, 2),
    (1, 3),
    (1, 4),
    (2, 1),
    (2, 5),
    (2, 6),
    (3, 1),
    (3, 3),
    (3, 4),
    (3, 5),
    (4, 2),
    (4, 6);

INSERT INTO tbl_comment(comment_id, post_id, user_id, comment_date, content) VALUES
    (1, 1, 1, '2019-05-23 00:00:00', 'comment1'),
    (2, 1, 3, '2019-05-23 00:02:00', 'comment2'),
    (4, 1, 5, '2019-05-23 00:03:00', 'comment3');

-- Insert the SVD features. There will be quite a few lines here.
INSERT INTO tbl_user_svd(user_id, latent_idx, value) VALUES
    (1, 0, 0.2679569369846707), (1, 1, 0.15371750204929002), (1, 2, 0.21469990526127747), (1, 3, 0.23955636284419823), (1, 4, 0.7566743729535067), (1, 5, 0.745119991923583), (1, 6, 0.7437233558478655), (1, 7, 0.03133934205181854), (1, 8, 0.3781300985886139), (1, 9, 0.5348376404988087), (1, 10, 0.28027918861060297), (1, 11, 0.5653956399714797), (1, 12, 0.8262622687005508), (1, 13, 0.436371346353144), (1, 14, 0.7424099038278159), (1, 15, 0.3571534884751756), (1, 16, 0.48409951585733124), (1, 17, 0.4395247546425626), (1, 18, 0.21274634298254735), (1, 19, 0.46645578140620525), (1, 20, 0.6881907983553157), (1, 21, 0.24177734937187345), (1, 22, 0.6646760423154955), (1, 23, 0.32635645947686276), (1, 24, 0.054542710450209086), (1, 25, 0.6733966787616946), (1, 26, 0.07223219303636941), (1, 27, 0.7189032074973595), (1, 28, 0.9837565893534924), (1, 29, 0.24289157951587026), (1, 30, 0.47128801118263774), (1, 31, 0.19605833739977452), (1, 32, 0.3727204276870435), (1, 33, 0.6130178407358847), (1, 34, 0.20029664490030408), (1, 35, 0.3494999596405427), (1, 36, 0.45795442443439327), (1, 37, 0.17964214384120825), (1, 38, 0.8462378734719712), (1, 39, 0.8289610192897671),
    (2, 0, 0.15846790890426965), (2, 1, 0.7824210317847295), (2, 2, 0.873185173145483), (2, 3, 0.8109116055062969), (2, 4, 0.7285131474990404), (2, 5, 0.821322773468509), (2, 6, 0.4359076083500937), (2, 7, 0.1640213913895785), (2, 8, 0.6154902486651836), (2, 9, 0.5843321062095437), (2, 10, 0.7606176123781777), (2, 11, 0.18159552739683538), (2, 12, 0.15441383044500856), (2, 13, 0.5447826505928397), (2, 14, 0.9886330410157009), (2, 15, 0.4703325986991158), (2, 16, 0.8514297954946661), (2, 17, 0.38663283918255376), (2, 18, 0.484566850468496), (2, 19, 0.9145867498546062), (2, 20, 0.34627669332853683), (2, 21, 0.3293095946680745), (2, 22, 0.8547669109595533), (2, 23, 0.22554862220694416), (2, 24, 0.04534013944492443), (2, 25, 0.03695632924489867), (2, 26, 0.5268635209344337), (2, 27, 0.36637793315387757), (2, 28, 0.9663196243437115), (2, 29, 0.01450865151358749), (2, 30, 0.029540315193132605), (2, 31, 0.5773575145375593), (2, 32, 0.8667258422526203), (2, 33, 0.18923074256564576), (2, 34, 0.7174288048242329), (2, 35, 0.38773330640386294), (2, 36, 0.8622547357656339), (2, 37, 0.6276762332909708), (2, 38, 0.8688575205261586), (2, 39, 0.959272400489318),
    (3, 0, 0.26003254469505355), (3, 1, 0.9332055584600912), (3, 2, 0.4326217261346116), (3, 3, 0.24001392882525607), (3, 4, 0.7734184592143577), (3, 5, 0.19245058412851135), (3, 6, 0.6776039652880349), (3, 7, 0.634289161595993), (3, 8, 0.6861390845917381), (3, 9, 0.776442521835152), (3, 10, 0.9494762803890079), (3, 11, 0.2591384034850225), (3, 12, 0.006026049660557753), (3, 13, 0.023269242564569748), (3, 14, 0.48739144055368866), (3, 15, 0.831527979798406), (3, 16, 0.03769004609913851), (3, 17, 0.0170829496934769), (3, 18, 0.9545045897218531), (3, 19, 0.11571002139334485), (3, 20, 0.49244489776487677), (3, 21, 0.8382703433845057), (3, 22, 0.1297442986333459), (3, 23, 0.6078445795012453), (3, 24, 0.004941285390989147), (3, 25, 0.3473712048077172), (3, 26, 0.4037198742038528), (3, 27, 0.4135549728966199), (3, 28, 0.3814809550487087), (3, 29, 0.22433968282497108), (3, 30, 0.2896464404933491), (3, 31, 0.323983976775708), (3, 32, 0.6031897659625288), (3, 33, 0.004347460515289225), (3, 34, 0.5421695620069551), (3, 35, 0.7086946616174785), (3, 36, 0.12369483689670158), (3, 37, 0.2648822982197164), (3, 38, 0.6024047864177557), (3, 39, 0.740492245142605),
    (4, 0, 0.6165467485311883), (4, 1, 0.6060779920797215), (4, 2, 0.10495812223851997), (4, 3, 0.2783248540855434), (4, 4, 0.6367773784374597), (4, 5, 0.9401320795032304), (4, 6, 0.5830471102701849), (4, 7, 0.09282098987246434), (4, 8, 0.559845946699081), (4, 9, 0.31309229525951787), (4, 10, 0.23753435042146742), (4, 11, 0.5252778184640104), (4, 12, 0.06454108011545123), (4, 13, 0.943724042124445), (4, 14, 0.7644909099001604), (4, 15, 0.7765417618916687), (4, 16, 0.757415288203937), (4, 17, 0.7655626644114374), (4, 18, 0.7829204872559246), (4, 19, 0.7210903945165312), (4, 20, 0.5733788354623596), (4, 21, 0.9907695580430326), (4, 22, 0.47215239380225804), (4, 23, 0.4652716017957853), (4, 24, 0.2653101419424594), (4, 25, 0.6299327040271884), (4, 26, 0.29362303497764863), (4, 27, 0.15232906264025858), (4, 28, 0.6000652564851218), (4, 29, 0.25803934766440284), (4, 30, 0.4207505925702272), (4, 31, 0.17226158416048098), (4, 32, 0.34852773736370846), (4, 33, 0.6982897926350337), (4, 34, 0.16308691108089401), (4, 35, 0.1661243004793056), (4, 36, 0.47571775716633025), (4, 37, 0.40661012844791733), (4, 38, 0.3224918522561693), (4, 39, 0.15036419424193115),
    (5, 0, 0.5527045277079359), (5, 1, 0.36142787735815096), (5, 2, 0.924856701011128), (5, 3, 0.8861378746659033), (5, 4, 0.9320152630292957), (5, 5, 0.16822105885261684), (5, 6, 0.5720599359084467), (5, 7, 0.1024334807339693), (5, 8, 0.9423712492937513), (5, 9, 0.24911675440244585), (5, 10, 0.3701700876739228), (5, 11, 0.9281588426658888), (5, 12, 0.6731782538146253), (5, 13, 0.7082796454058721), (5, 14, 0.4777934542904769), (5, 15, 0.6325957295573507), (5, 16, 0.3303834852776695), (5, 17, 0.7908120366839602), (5, 18, 0.6209592802979871), (5, 19, 0.7605247162605275), (5, 20, 0.2027264557422782), (5, 21, 0.27384723464455696), (5, 22, 0.03894258960005814), (5, 23, 0.5310133127014104), (5, 24, 0.9525884461504198), (5, 25, 0.9462720258815963), (5, 26, 0.7567669396656013), (5, 27, 0.6341500490605182), (5, 28, 0.15771994966939062), (5, 29, 0.934912992281661), (5, 30, 0.5931070447890952), (5, 31, 0.524007929543607), (5, 32, 0.3661106757803133), (5, 33, 0.9908867220892268), (5, 34, 0.9337707725854847), (5, 35, 0.40522813709162875), (5, 36, 0.6555372079341552), (5, 37, 0.8696849330891487), (5, 38, 0.38540312543125665), (5, 39, 0.8077855092680716);
INSERT INTO tbl_post_svd(post_id, latent_idx, value) VALUES
    (1, 0, 0.6436942171840357), (1, 1, 0.47912515697833546), (1, 2, 0.6410132024685152), (1, 3, 0.26594783710825154), (1, 4, 0.9608689044766582), (1, 5, 0.9289519878672826), (1, 6, 0.30455503542615925), (1, 7, 0.8310106178010861), (1, 8, 0.37820296109552143), (1, 9, 0.3048962684655282), (1, 10, 0.0662383465201658), (1, 11, 0.2703840253585651), (1, 12, 0.7350303970133651), (1, 13, 0.11594103303548053), (1, 14, 0.1688580344447821), (1, 15, 0.717106881327569), (1, 16, 0.9296205552580702), (1, 17, 0.5436515662883763), (1, 18, 0.37777882388055317), (1, 19, 0.3571239839342847), (1, 20, 0.1851096815610086), (1, 21, 0.1571563301568516), (1, 22, 0.027871823628139003), (1, 23, 0.5593193559925413), (1, 24, 0.41318053954262735), (1, 25, 0.36815723967015523), (1, 26, 0.041420353442737534), (1, 27, 0.40238441419170046), (1, 28, 0.26742024983874624), (1, 29, 0.5867881422943836), (1, 30, 0.267930528888247), (1, 31, 0.7092864393156441), (1, 32, 0.8920612456454557), (1, 33, 0.7211453880369839), (1, 34, 0.4450288857887511), (1, 35, 0.45157176070016547), (1, 36, 0.4751755289440456), (1, 37, 0.23851430262021878), (1, 38, 0.26735967808859606), (1, 39, 0.6151624931941022),
    (2, 0, 0.9311147923289654), (2, 1, 0.6708573725446026), (2, 2, 0.5125910570027365), (2, 3, 0.2549738438998118), (2, 4, 0.9169990889007741), (2, 5, 0.34883229881041955), (2, 6, 0.44161659978664425), (2, 7, 0.5596691704180822), (2, 8, 0.5530483674926349), (2, 9, 0.4080929197585399), (2, 10, 0.9086410509906335), (2, 11, 0.6168269230629254), (2, 12, 0.8759782479159356), (2, 13, 0.9478109828209164), (2, 14, 0.36856723432797045), (2, 15, 0.1761045334987431), (2, 16, 0.532155206553671), (2, 17, 0.8808075922551242), (2, 18, 0.8397822844936758), (2, 19, 0.3739679932729756), (2, 20, 0.44325831405419713), (2, 21, 0.8316465185786386), (2, 22, 0.04750073802418575), (2, 23, 0.2203431207240767), (2, 24, 0.4497659569526221), (2, 25, 0.8805858754840961), (2, 26, 0.9210527898042846), (2, 27, 0.1648451402846941), (2, 28, 0.10587820105339385), (2, 29, 0.7679104409545752), (2, 30, 0.3940770397505081), (2, 31, 0.5337687924851274), (2, 32, 0.8134122964115394), (2, 33, 0.6560342403243512), (2, 34, 0.7788560149536643), (2, 35, 0.3159741543903145), (2, 36, 0.36206887638439267), (2, 37, 0.27633413659118167), (2, 38, 0.1223937326887733), (2, 39, 0.3137536947648075),
    (3, 0, 0.6509264037334206), (3, 1, 0.22216748307413425), (3, 2, 0.6269495289624741), (3, 3, 0.8168165194667687), (3, 4, 0.0071653889138798554), (3, 5, 0.6849039139443378), (3, 6, 0.5382915840545393), (3, 7, 0.9751068154192991), (3, 8, 0.16090096578720292), (3, 9, 0.8432556226510833), (3, 10, 0.7964119157834505), (3, 11, 0.7565693892148031), (3, 12, 0.28575495217019065), (3, 13, 0.5933856202937655), (3, 14, 0.9302138967593983), (3, 15, 0.04364533780433899), (3, 16, 0.5047161277524738), (3, 17, 0.886312824357028), (3, 18, 0.5593940135472256), (3, 19, 0.4498512790375644), (3, 20, 0.4003867162953132), (3, 21, 0.6172423574314947), (3, 22, 0.8802454999783612), (3, 23, 0.2367777145858435), (3, 24, 0.27992955890398286), (3, 25, 0.9183362495623703), (3, 26, 0.8584462196794315), (3, 27, 0.5197592597315064), (3, 28, 0.6970360639917168), (3, 29, 0.7963616908740556), (3, 30, 0.884834180083723), (3, 31, 0.11967668431364009), (3, 32, 0.5796922971998335), (3, 33, 0.6857197807429347), (3, 34, 0.09931256421967627), (3, 35, 0.2360424315432601), (3, 36, 0.5446223801752419), (3, 37, 0.8544666229792188), (3, 38, 0.22525147663651734), (3, 39, 0.08514805778699397),
    (4, 0, 0.3131010696773694), (4, 1, 0.7069061055568109), (4, 2, 0.5659592791362744), (4, 3, 0.955463905138423), (4, 4, 0.5233564685486352), (4, 5, 0.5003405073510367), (4, 6, 0.8674455677076143), (4, 7, 0.9484965400679815), (4, 8, 0.8337859259829852), (4, 9, 0.6312683628190795), (4, 10, 0.26760131956309186), (4, 11, 0.07764268393345741), (4, 12, 0.680714968013891), (4, 13, 0.13774881282318718), (4, 14, 0.8821624173401599), (4, 15, 0.302737091729956), (4, 16, 0.5281782576486883), (4, 17, 0.38249305813205914), (4, 18, 0.2946090014795515), (4, 19, 0.7232191382763674), (4, 20, 0.16957354058303087), (4, 21, 0.6569328997350034), (4, 22, 0.8574235371756567), (4, 23, 0.14057068941603734), (4, 24, 0.4795862884598281), (4, 25, 0.1020270399454789), (4, 26, 0.09363317487191913), (4, 27, 0.8352363897761863), (4, 28, 0.13023344592349495), (4, 29, 0.9778561088544678), (4, 30, 0.48141917230433706), (4, 31, 0.6792813188450472), (4, 32, 0.8487853161668967), (4, 33, 0.05255052871150312), (4, 34, 0.5592142341163322), (4, 35, 0.1989699477720318), (4, 36, 0.1264257680236135), (4, 37, 0.33201135045472907), (4, 38, 0.34202538866030885), (4, 39, 0.007514821571918073),
    (5, 0, 0.21077249430072487), (5, 1, 0.4431331179155108), (5, 2, 0.03635120116091983), (5, 3, 0.7104748013501946), (5, 4, 0.8949633469678786), (5, 5, 0.1493930259847347), (5, 6, 0.1140299035502933), (5, 7, 0.0024062683679081376), (5, 8, 0.8699803185553919), (5, 9, 0.7062672547915243), (5, 10, 0.3816495592367296), (5, 11, 0.8797370775808341), (5, 12, 0.24396541983818365), (5, 13, 0.8518621525706053), (5, 14, 0.13486663800480303), (5, 15, 0.35494989491053397), (5, 16, 0.9297693182148565), (5, 17, 0.9352678915258439), (5, 18, 0.9549665177343076), (5, 19, 0.9868967244222544), (5, 20, 0.9437413925037428), (5, 21, 0.06374611537995667), (5, 22, 0.5194750941228552), (5, 23, 0.08184345740800714), (5, 24, 0.45683408763580946), (5, 25, 0.6997244691246256), (5, 26, 0.5810533965055891), (5, 27, 0.9574369778427133), (5, 28, 0.6038080814999975), (5, 29, 0.3551073972961635), (5, 30, 0.15529017938745193), (5, 31, 0.7361616378081279), (5, 32, 0.36175709428923275), (5, 33, 0.6814435846369068), (5, 34, 0.015475418484214964), (5, 35, 0.598109490847369), (5, 36, 0.2099151683746172), (5, 37, 0.3777248896011616), (5, 38, 0.29824619532123064), (5, 39, 0.2758203842802789);
INSERT INTO tbl_user_bias(user_id, user_bias) VALUES
    (1, 1.0), (2, -1.0), (3, -0.5), (4, 10.0), (5, -2.0);
INSERT INTO tbl_post_bias(post_id, post_bias) VALUES
    (1, 10.0), (2, -10.0), (3, 0.5), (4, 0.4), (5, 0.0);
